{"cameraMode":{"drawMode":0,"name":"Shaded","section":"Shading Mode"},"sceneLighting":true,"audioPlay":false,"sceneViewState":{"m_AlwaysRefresh":false,"showFog":true,"showSkybox":true,"showFlares":true,"showImageEffects":true,"showParticleSystems":true,"showVisualEffectGraphs":true,"m_FxEnabled":false},"in2DMode":false,"pivot":{"x":44.54108428955078,"y":2.5899057388305666,"z":13.142679214477539},"rotation":{"x":0.010332324542105198,"y":0.724824845790863,"z":-0.010873195715248585,"w":0.6887704730033875},"size":19.48890495300293,"orthographic":false}